y_true,y_pred,y_true_label,y_pred_label,prob_Hypopnea,prob_Normal
1,0,Normal,Hypopnea,0.993852,0.0061479937
1,0,Normal,Hypopnea,0.9938046,0.006195427
1,0,Normal,Hypopnea,0.998447,0.0015530415
1,0,Normal,Hypopnea,0.992073,0.007927007
1,0,Normal,Hypopnea,0.9950931,0.0049068653
1,0,Normal,Hypopnea,0.99529475,0.00470527
1,0,Normal,Hypopnea,0.99384344,0.0061565773
1,0,Normal,Hypopnea,0.98790514,0.0120948525
1,0,Normal,Hypopnea,0.994468,0.0055319658
1,0,Normal,Hypopnea,0.9828977,0.017102312
1,0,Normal,Hypopnea,0.9871313,0.012868763
1,0,Normal,Hypopnea,0.9959859,0.004014051
1,0,Normal,Hypopnea,0.99718046,0.0028195276
1,0,Normal,Hypopnea,0.5032858,0.49671417
1,1,Normal,Normal,0.13729323,0.8627068
1,0,Normal,Hypopnea,0.31241462,0.6875854
1,1,Normal,Normal,0.13664852,0.86335146
1,1,Normal,Normal,0.1300974,0.86990255
1,0,Normal,Hypopnea,0.35587174,0.6441283
1,0,Normal,Hypopnea,0.4206613,0.5793387
1,0,Normal,Hypopnea,0.8020631,0.19793694
1,0,Normal,Hypopnea,0.3247871,0.6752129
1,1,Normal,Normal,0.29923102,0.70076895
1,0,Normal,Hypopnea,0.5033087,0.49669126
1,0,Normal,Hypopnea,0.65512824,0.3448718
1,0,Normal,Hypopnea,0.35302326,0.64697677
1,0,Normal,Hypopnea,0.6215803,0.37841973
1,1,Normal,Normal,0.13196008,0.86803985
1,1,Normal,Normal,0.14132231,0.8586777
1,1,Normal,Normal,0.2924103,0.7075897
1,0,Normal,Hypopnea,0.6151613,0.3848387
1,0,Normal,Hypopnea,0.5251996,0.47480032
1,0,Normal,Hypopnea,0.5285991,0.47140098
1,0,Normal,Hypopnea,0.3891996,0.6108004
1,1,Normal,Normal,0.14795789,0.85204214
1,1,Normal,Normal,0.16300492,0.83699507
1,0,Normal,Hypopnea,0.40613925,0.5938608
1,1,Normal,Normal,0.21960177,0.7803982
1,1,Normal,Normal,0.17571628,0.8242838
1,1,Normal,Normal,0.071459465,0.9285405
1,1,Normal,Normal,0.08792449,0.91207546
1,0,Normal,Hypopnea,0.44970283,0.5502972
1,1,Normal,Normal,0.09819423,0.90180576
1,1,Normal,Normal,0.14194646,0.85805357
1,0,Normal,Hypopnea,0.42452648,0.57547355
1,0,Normal,Hypopnea,0.42510983,0.57489014
1,0,Normal,Hypopnea,0.42375103,0.576249
1,1,Normal,Normal,0.0711294,0.9288706
1,1,Normal,Normal,0.05755333,0.9424466
1,1,Normal,Normal,0.07321216,0.92678785
1,1,Normal,Normal,0.18299168,0.8170084
1,1,Normal,Normal,0.13184452,0.8681555
1,1,Normal,Normal,0.21398519,0.7860148
1,1,Normal,Normal,0.18531202,0.814688
1,1,Normal,Normal,0.1908449,0.8091551
1,0,Normal,Hypopnea,0.37907583,0.6209241
1,1,Normal,Normal,0.11921502,0.88078505
1,1,Normal,Normal,0.051531103,0.9484689
1,1,Normal,Normal,0.01092562,0.9890744
1,1,Normal,Normal,0.015006324,0.9849937
1,1,Normal,Normal,0.049155578,0.9508444
1,1,Normal,Normal,0.20355716,0.7964428
1,1,Normal,Normal,0.032118786,0.9678812
1,1,Normal,Normal,0.09335548,0.9066445
1,1,Normal,Normal,0.084847935,0.9151521
1,1,Normal,Normal,0.02678161,0.9732184
1,1,Normal,Normal,0.053474434,0.9465255
1,1,Normal,Normal,0.024808645,0.9751914
1,1,Normal,Normal,0.07226138,0.9277386
1,1,Normal,Normal,0.24666895,0.75333107
1,1,Normal,Normal,0.05752767,0.94247234
1,1,Normal,Normal,0.109716065,0.89028394
1,0,Normal,Hypopnea,0.57991195,0.42008814
1,1,Normal,Normal,0.14604615,0.85395384
1,0,Normal,Hypopnea,0.44577977,0.55422026
1,1,Normal,Normal,0.05061242,0.94938755
1,1,Normal,Normal,0.18852489,0.81147516
1,0,Normal,Hypopnea,0.48293892,0.5170611
1,1,Normal,Normal,0.0632785,0.9367215
1,1,Normal,Normal,0.09286955,0.9071304
1,1,Normal,Normal,0.14408791,0.8559121
1,1,Normal,Normal,0.13816786,0.86183214
1,1,Normal,Normal,0.2955197,0.7044803
1,1,Normal,Normal,0.1999577,0.8000423
1,0,Normal,Hypopnea,0.5485972,0.45140275
1,1,Normal,Normal,0.27674502,0.723255
1,0,Normal,Hypopnea,0.36884722,0.63115275
1,0,Normal,Hypopnea,0.43985707,0.5601429
1,1,Normal,Normal,0.11908015,0.8809199
1,1,Normal,Normal,0.14664821,0.85335183
1,1,Normal,Normal,0.14878972,0.85121024
1,1,Normal,Normal,0.07823971,0.9217603
1,1,Normal,Normal,0.04842909,0.9515709
1,1,Normal,Normal,0.012350413,0.9876496
1,1,Normal,Normal,0.04639958,0.9536004
1,1,Normal,Normal,0.18023251,0.8197674
1,1,Normal,Normal,0.11627776,0.88372225
1,1,Normal,Normal,0.041553613,0.9584463
1,1,Normal,Normal,0.07244955,0.9275505
1,1,Normal,Normal,0.024827618,0.97517234
1,1,Normal,Normal,0.07503709,0.92496294
1,1,Normal,Normal,0.018252317,0.9817477
1,1,Normal,Normal,0.024805011,0.975195
1,1,Normal,Normal,0.010913599,0.9890864
1,1,Normal,Normal,0.057783928,0.94221604
1,1,Normal,Normal,0.2012645,0.7987355
1,1,Normal,Normal,0.027080923,0.9729191
1,1,Normal,Normal,0.23394082,0.76605916
1,1,Normal,Normal,0.070537746,0.92946225
1,1,Normal,Normal,0.09028994,0.90971
1,1,Normal,Normal,0.23374632,0.76625365
1,1,Normal,Normal,0.14098457,0.85901546
1,1,Normal,Normal,0.06475105,0.935249
1,1,Normal,Normal,0.088750474,0.9112496
1,1,Normal,Normal,0.067655854,0.93234414
1,1,Normal,Normal,0.019147767,0.9808522
1,1,Normal,Normal,0.028751228,0.9712488
1,1,Normal,Normal,0.027369492,0.97263044
1,1,Normal,Normal,0.021635093,0.9783649
1,1,Normal,Normal,0.025425619,0.9745744
1,1,Normal,Normal,0.021897169,0.97810286
1,1,Normal,Normal,0.045223538,0.95477647
1,1,Normal,Normal,0.03413267,0.96586734
1,1,Normal,Normal,0.0028884658,0.99711156
1,1,Normal,Normal,0.014896356,0.98510367
1,1,Normal,Normal,0.009075646,0.9909244
1,1,Normal,Normal,0.054751292,0.9452487
1,1,Normal,Normal,0.009412465,0.99058753
1,1,Normal,Normal,0.005013055,0.994987
1,1,Normal,Normal,0.009120905,0.9908791
1,1,Normal,Normal,0.0054770405,0.9945229
1,1,Normal,Normal,0.017690094,0.9823099
1,1,Normal,Normal,0.011336984,0.988663
1,1,Normal,Normal,0.009456176,0.9905439
1,1,Normal,Normal,0.017107569,0.9828924
1,1,Normal,Normal,0.039715115,0.9602849
1,1,Normal,Normal,0.028319033,0.97168094
1,1,Normal,Normal,0.025358604,0.9746414
1,1,Normal,Normal,0.023858584,0.97614145
1,1,Normal,Normal,0.029270107,0.9707299
1,1,Normal,Normal,0.0084645925,0.9915354
1,1,Normal,Normal,0.017921172,0.98207885
1,1,Normal,Normal,0.013929252,0.9860707
1,1,Normal,Normal,0.0029666119,0.99703336
1,1,Normal,Normal,0.0072457283,0.9927543
1,1,Normal,Normal,0.005179664,0.99482036
1,1,Normal,Normal,0.029133389,0.9708666
1,1,Normal,Normal,0.02394002,0.97606
1,1,Normal,Normal,0.019741602,0.98025835
1,1,Normal,Normal,0.007036743,0.99296325
1,1,Normal,Normal,0.012106828,0.98789316
1,1,Normal,Normal,0.027165351,0.97283465
1,1,Normal,Normal,0.035171013,0.96482897
1,1,Normal,Normal,0.0071447645,0.99285525
1,1,Normal,Normal,0.011131211,0.98886883
1,1,Normal,Normal,0.042395283,0.95760477
1,1,Normal,Normal,0.021092393,0.97890764
1,1,Normal,Normal,0.022956247,0.9770437
1,1,Normal,Normal,0.016113289,0.98388666
1,1,Normal,Normal,0.008485485,0.99151444
1,1,Normal,Normal,0.014812655,0.98518735
1,1,Normal,Normal,0.016820366,0.9831797
1,1,Normal,Normal,0.028931733,0.97106826
1,1,Normal,Normal,0.012223001,0.987777
1,1,Normal,Normal,0.06584555,0.93415445
1,1,Normal,Normal,0.13152112,0.8684789
1,1,Normal,Normal,0.027624322,0.97237563
0,1,Hypopnea,Normal,0.22831075,0.77168924
1,1,Normal,Normal,0.15342656,0.8465734
1,1,Normal,Normal,0.20215654,0.7978435
1,1,Normal,Normal,0.2863307,0.71366936
1,0,Normal,Hypopnea,0.4032595,0.5967405
1,1,Normal,Normal,0.2007484,0.79925156
1,1,Normal,Normal,0.061029702,0.9389703
1,1,Normal,Normal,0.16459857,0.8354014
0,1,Hypopnea,Normal,0.18315588,0.81684417
1,0,Normal,Hypopnea,0.4077742,0.5922258
1,1,Normal,Normal,0.12872125,0.8712787
1,1,Normal,Normal,0.101509266,0.8984907
1,1,Normal,Normal,0.18697543,0.8130246
1,1,Normal,Normal,0.1031043,0.8968957
1,1,Normal,Normal,0.07161345,0.9283865
1,1,Normal,Normal,0.26469064,0.7353093
1,1,Normal,Normal,0.22795194,0.77204806
1,1,Normal,Normal,0.020025108,0.9799749
1,1,Normal,Normal,0.13179278,0.8682073
1,1,Normal,Normal,0.16944256,0.83055747
1,1,Normal,Normal,0.10084416,0.89915586
1,1,Normal,Normal,0.22653681,0.7734632
1,1,Normal,Normal,0.10483833,0.8951616
1,1,Normal,Normal,0.17213528,0.82786477
1,1,Normal,Normal,0.24218905,0.75781095
1,1,Normal,Normal,0.12791334,0.8720867
1,1,Normal,Normal,0.06444422,0.9355557
1,1,Normal,Normal,0.24643388,0.7535661
1,1,Normal,Normal,0.061208814,0.93879116
1,1,Normal,Normal,0.06826799,0.931732
1,1,Normal,Normal,0.27490535,0.7250946
1,0,Normal,Hypopnea,0.33364382,0.6663562
1,1,Normal,Normal,0.06468572,0.93531424
1,1,Normal,Normal,0.11102136,0.88897866
1,1,Normal,Normal,0.030120084,0.9698799
1,1,Normal,Normal,0.21169448,0.7883055
1,1,Normal,Normal,0.09410282,0.9058972
1,1,Normal,Normal,0.17222905,0.827771
1,1,Normal,Normal,0.15945636,0.8405436
1,1,Normal,Normal,0.02917227,0.97082776
1,1,Normal,Normal,0.04548396,0.95451605
1,1,Normal,Normal,0.042074963,0.957925
1,1,Normal,Normal,0.024516804,0.9754832
1,1,Normal,Normal,0.015263464,0.9847365
1,1,Normal,Normal,0.03256779,0.96743226
1,1,Normal,Normal,0.023282958,0.9767171
1,1,Normal,Normal,0.1206989,0.8793011
1,1,Normal,Normal,0.04844208,0.9515579
1,1,Normal,Normal,0.056293424,0.94370663
1,1,Normal,Normal,0.016353147,0.9836468
1,1,Normal,Normal,0.00952379,0.99047613
1,1,Normal,Normal,0.010086334,0.9899137
1,1,Normal,Normal,0.080569685,0.9194303
1,0,Normal,Hypopnea,0.32269803,0.67730194
1,1,Normal,Normal,0.056372806,0.9436272
1,1,Normal,Normal,0.0073070135,0.99269295
1,1,Normal,Normal,0.06121654,0.9387834
1,1,Normal,Normal,0.01865987,0.9813401
1,1,Normal,Normal,0.05722996,0.94277006
1,1,Normal,Normal,0.03871282,0.96128714
1,1,Normal,Normal,0.10114861,0.8988514
1,1,Normal,Normal,0.031728223,0.9682718
1,1,Normal,Normal,0.042765357,0.9572346
1,1,Normal,Normal,0.024463912,0.97553617
1,1,Normal,Normal,0.025861742,0.9741382
1,1,Normal,Normal,0.008980046,0.9910199
1,1,Normal,Normal,0.016415585,0.9835844
1,1,Normal,Normal,0.044398624,0.95560133
1,1,Normal,Normal,0.026060432,0.9739396
1,1,Normal,Normal,0.03774503,0.962255
1,1,Normal,Normal,0.023559773,0.97644025
1,1,Normal,Normal,0.04867849,0.9513215
1,1,Normal,Normal,0.017175775,0.9828242
1,1,Normal,Normal,0.010721985,0.9892781
1,1,Normal,Normal,0.02252462,0.9774754
1,1,Normal,Normal,0.051025346,0.9489747
1,1,Normal,Normal,0.026122345,0.9738776
1,1,Normal,Normal,0.09459731,0.90540266
1,1,Normal,Normal,0.12661864,0.8733814
1,1,Normal,Normal,0.026534306,0.9734657
1,1,Normal,Normal,0.006891126,0.99310887
1,1,Normal,Normal,0.05662523,0.94337475
1,1,Normal,Normal,0.05957159,0.9404284
1,1,Normal,Normal,0.05996695,0.9400331
1,1,Normal,Normal,0.04935326,0.95064676
1,1,Normal,Normal,0.031406097,0.9685939
1,1,Normal,Normal,0.047015436,0.95298463
1,1,Normal,Normal,0.022672206,0.9773278
1,1,Normal,Normal,0.05197219,0.9480278
1,1,Normal,Normal,0.0973419,0.90265805
1,1,Normal,Normal,0.04978635,0.9502137
1,1,Normal,Normal,0.016479153,0.98352087
1,0,Normal,Hypopnea,0.30271706,0.6972829
1,1,Normal,Normal,0.044619318,0.9553806
1,1,Normal,Normal,0.014966884,0.9850331
1,1,Normal,Normal,0.0375182,0.96248174
1,1,Normal,Normal,0.029530026,0.97047
1,1,Normal,Normal,0.029047107,0.9709529
1,1,Normal,Normal,0.040564477,0.9594356
1,1,Normal,Normal,0.29185665,0.70814335
1,1,Normal,Normal,0.08274879,0.91725117
1,1,Normal,Normal,0.07241715,0.9275828
1,1,Normal,Normal,0.020403031,0.979597
0,1,Hypopnea,Normal,0.04966389,0.9503361
0,1,Hypopnea,Normal,0.02832805,0.97167194
1,1,Normal,Normal,0.10834587,0.89165413
0,1,Hypopnea,Normal,0.13285348,0.8671465
1,0,Normal,Hypopnea,0.30814958,0.6918504
1,1,Normal,Normal,0.27935204,0.72064793
1,1,Normal,Normal,0.21271399,0.787286
1,0,Normal,Hypopnea,0.506556,0.49344411
1,0,Normal,Hypopnea,0.5251373,0.47486272
1,1,Normal,Normal,0.035407525,0.96459246
1,1,Normal,Normal,0.26437822,0.73562175
1,1,Normal,Normal,0.27403393,0.7259661
1,1,Normal,Normal,0.03148904,0.968511
1,1,Normal,Normal,0.041717343,0.95828265
1,1,Normal,Normal,0.1863838,0.81361616
0,0,Hypopnea,Hypopnea,0.35401958,0.6459804
0,1,Hypopnea,Normal,0.2514741,0.74852586
1,1,Normal,Normal,0.099900156,0.9000998
1,1,Normal,Normal,0.014421777,0.98557824
1,1,Normal,Normal,0.022421343,0.97757864
1,1,Normal,Normal,0.011251221,0.9887488
1,1,Normal,Normal,0.020188782,0.97981125
1,1,Normal,Normal,0.07392054,0.92607945
1,1,Normal,Normal,0.06511167,0.9348883
0,1,Hypopnea,Normal,0.06435367,0.9356463
1,0,Normal,Hypopnea,0.37923408,0.620766
1,0,Normal,Hypopnea,0.36893773,0.63106227
1,1,Normal,Normal,0.06804166,0.9319583
1,1,Normal,Normal,0.13053691,0.86946315
1,1,Normal,Normal,0.048210546,0.9517895
1,1,Normal,Normal,0.025408458,0.9745916
1,1,Normal,Normal,0.03757334,0.96242666
1,1,Normal,Normal,0.0759701,0.92402995
1,1,Normal,Normal,0.036301408,0.9636986
1,1,Normal,Normal,0.046652466,0.95334756
1,1,Normal,Normal,0.15038925,0.84961075
1,1,Normal,Normal,0.048065078,0.951935
1,1,Normal,Normal,0.158346,0.841654
1,1,Normal,Normal,0.0530148,0.9469852
1,1,Normal,Normal,0.027325049,0.9726749
1,1,Normal,Normal,0.055109195,0.9448908
1,1,Normal,Normal,0.051799845,0.9482001
1,1,Normal,Normal,0.24487142,0.7551286
1,1,Normal,Normal,0.073667556,0.9263324
1,1,Normal,Normal,0.027664527,0.9723354
1,1,Normal,Normal,0.067493945,0.932506
1,1,Normal,Normal,0.077977516,0.9220224
1,1,Normal,Normal,0.06995801,0.930042
1,1,Normal,Normal,0.09803285,0.9019671
1,1,Normal,Normal,0.052787673,0.94721234
1,1,Normal,Normal,0.0265223,0.97347766
1,1,Normal,Normal,0.2314044,0.76859564
1,0,Normal,Hypopnea,0.34721658,0.65278345
1,1,Normal,Normal,0.21196684,0.7880331
1,1,Normal,Normal,0.22814469,0.7718553
0,0,Hypopnea,Hypopnea,0.4090479,0.5909521
1,1,Normal,Normal,0.17705917,0.8229408
1,1,Normal,Normal,0.1602885,0.8397115
1,1,Normal,Normal,0.15857328,0.84142673
1,1,Normal,Normal,0.047656324,0.9523437
1,1,Normal,Normal,0.04690749,0.9530926
0,1,Hypopnea,Normal,0.038290724,0.96170926
1,0,Normal,Hypopnea,0.32984462,0.67015535
1,0,Normal,Hypopnea,0.3094495,0.69055045
1,1,Normal,Normal,0.14664114,0.85335886
1,1,Normal,Normal,0.092108354,0.90789163
1,1,Normal,Normal,0.13032006,0.8696799
1,1,Normal,Normal,0.110129334,0.8898707
1,1,Normal,Normal,0.038280718,0.9617193
1,1,Normal,Normal,0.20583005,0.7941699
1,0,Normal,Hypopnea,0.38756022,0.6124398
1,1,Normal,Normal,0.11804868,0.88195133
1,0,Normal,Hypopnea,0.32240787,0.6775921
1,1,Normal,Normal,0.1718612,0.8281388
0,1,Hypopnea,Normal,0.033205785,0.96679425
1,1,Normal,Normal,0.022459293,0.9775407
1,1,Normal,Normal,0.086619206,0.9133808
1,1,Normal,Normal,0.040123925,0.959876
1,1,Normal,Normal,0.17872326,0.8212768
1,1,Normal,Normal,0.29097056,0.70902944
1,1,Normal,Normal,0.03557987,0.9644201
0,1,Hypopnea,Normal,0.051313672,0.9486863
1,0,Normal,Hypopnea,0.88222176,0.11777824
1,0,Normal,Hypopnea,0.8345168,0.16548325
0,1,Hypopnea,Normal,0.04763303,0.95236695
1,1,Normal,Normal,0.020828227,0.9791718
1,1,Normal,Normal,0.16352838,0.83647156
1,1,Normal,Normal,0.1577401,0.8422599
1,0,Normal,Hypopnea,0.38616297,0.613837
1,1,Normal,Normal,0.12491926,0.87508076
1,1,Normal,Normal,0.05809923,0.9419008
1,1,Normal,Normal,0.06548917,0.93451077
1,1,Normal,Normal,0.2687925,0.73120755
1,0,Normal,Hypopnea,0.4857221,0.5142778
1,1,Normal,Normal,0.1918289,0.8081711
1,1,Normal,Normal,0.113245286,0.8867547
1,0,Normal,Hypopnea,0.5487395,0.45126054
1,0,Normal,Hypopnea,0.65321034,0.3467897
1,0,Normal,Hypopnea,0.86880934,0.13119064
1,0,Normal,Hypopnea,0.8406031,0.15939686
1,0,Normal,Hypopnea,0.5409215,0.4590785
1,1,Normal,Normal,0.24317554,0.7568245
1,1,Normal,Normal,0.0788887,0.9211112
1,1,Normal,Normal,0.09409904,0.905901
1,1,Normal,Normal,0.060485456,0.9395146
1,1,Normal,Normal,0.00897762,0.99102235
1,1,Normal,Normal,0.035260107,0.96473986
1,1,Normal,Normal,0.03685441,0.9631456
1,1,Normal,Normal,0.049008373,0.95099163
1,1,Normal,Normal,0.06780614,0.93219393
1,1,Normal,Normal,0.22731994,0.77268004
1,1,Normal,Normal,0.025413217,0.97458684
1,1,Normal,Normal,0.008315711,0.9916843
1,1,Normal,Normal,0.018661823,0.98133814
1,1,Normal,Normal,0.11033391,0.8896661
1,1,Normal,Normal,0.05638892,0.9436111
1,1,Normal,Normal,0.050210364,0.9497897
1,1,Normal,Normal,0.03947547,0.9605245
1,1,Normal,Normal,0.062401816,0.9375981
1,1,Normal,Normal,0.032249108,0.9677509
1,1,Normal,Normal,0.013682385,0.98631763
1,1,Normal,Normal,0.015133572,0.98486644
1,1,Normal,Normal,0.051048197,0.94895184
1,1,Normal,Normal,0.022408629,0.9775914
1,1,Normal,Normal,0.014149386,0.98585063
1,1,Normal,Normal,0.05961785,0.9403821
1,1,Normal,Normal,0.090731755,0.90926826
1,1,Normal,Normal,0.12806784,0.87193215
1,1,Normal,Normal,0.14870462,0.8512954
1,1,Normal,Normal,0.045250297,0.95474976
1,1,Normal,Normal,0.013670898,0.98632914
1,1,Normal,Normal,0.085456945,0.9145431
1,1,Normal,Normal,0.14313821,0.85686177
1,0,Normal,Hypopnea,0.39665893,0.60334104
1,1,Normal,Normal,0.030593498,0.9694065
1,1,Normal,Normal,0.12832735,0.87167263
1,1,Normal,Normal,0.21561669,0.78438336
1,1,Normal,Normal,0.05939798,0.94060206
1,1,Normal,Normal,0.061555002,0.93844503
1,1,Normal,Normal,0.09890612,0.90109384
1,1,Normal,Normal,0.08582279,0.91417724
1,1,Normal,Normal,0.02780752,0.9721925
1,1,Normal,Normal,0.014036757,0.9859633
1,1,Normal,Normal,0.03181757,0.9681825
1,1,Normal,Normal,0.07411656,0.9258835
1,1,Normal,Normal,0.008950809,0.9910492
1,1,Normal,Normal,0.0077787517,0.9922213
1,1,Normal,Normal,0.0123534445,0.9876466
1,1,Normal,Normal,0.003954077,0.9960459
1,1,Normal,Normal,0.022709982,0.97729003
1,1,Normal,Normal,0.13911776,0.8608823
1,0,Normal,Hypopnea,0.44097015,0.5590299
1,0,Normal,Hypopnea,0.3598771,0.6401229
1,0,Normal,Hypopnea,0.43257582,0.56742424
1,1,Normal,Normal,0.2507713,0.7492287
1,1,Normal,Normal,0.030032437,0.96996754
1,1,Normal,Normal,0.034345374,0.9656546
1,1,Normal,Normal,0.07744221,0.92255783
1,1,Normal,Normal,0.2093573,0.7906427
1,1,Normal,Normal,0.1377584,0.8622416
1,1,Normal,Normal,0.120734766,0.87926525
1,1,Normal,Normal,0.08642237,0.9135777
1,1,Normal,Normal,0.093006186,0.9069938
0,1,Hypopnea,Normal,0.16384637,0.83615357
1,1,Normal,Normal,0.14857559,0.8514244
1,0,Normal,Hypopnea,0.31734765,0.68265235
1,1,Normal,Normal,0.034678765,0.96532124
1,1,Normal,Normal,0.26419032,0.7358097
1,0,Normal,Hypopnea,0.36228544,0.63771456
1,1,Normal,Normal,0.24184905,0.75815094
1,0,Normal,Hypopnea,0.31129295,0.6887071
1,0,Normal,Hypopnea,0.3720399,0.62796
1,1,Normal,Normal,0.29383805,0.706162
1,1,Normal,Normal,0.22649789,0.7735021
1,0,Normal,Hypopnea,0.36524227,0.63475776
1,1,Normal,Normal,0.097548075,0.9024519
1,1,Normal,Normal,0.1962285,0.8037715
0,0,Hypopnea,Hypopnea,0.51167697,0.488323
0,0,Hypopnea,Hypopnea,0.30988774,0.69011223
1,1,Normal,Normal,0.27343726,0.72656274
0,1,Hypopnea,Normal,0.22776867,0.7722313
1,0,Normal,Hypopnea,0.53858125,0.4614187
0,0,Hypopnea,Hypopnea,0.5415973,0.45840263
0,1,Hypopnea,Normal,0.24133024,0.7586698
1,1,Normal,Normal,0.094337426,0.90566254
1,1,Normal,Normal,0.2657495,0.7342505
1,0,Normal,Hypopnea,0.48872066,0.5112794
1,0,Normal,Hypopnea,0.4743616,0.5256384
0,1,Hypopnea,Normal,0.2307724,0.76922756
0,1,Hypopnea,Normal,0.17467496,0.8253251
1,1,Normal,Normal,0.08656652,0.9134335
0,1,Hypopnea,Normal,0.06627084,0.9337292
1,0,Normal,Hypopnea,0.33807293,0.6619271
0,0,Hypopnea,Hypopnea,0.5622091,0.4377908
0,0,Hypopnea,Hypopnea,0.3759028,0.6240972
1,1,Normal,Normal,0.07830514,0.9216949
1,1,Normal,Normal,0.109183885,0.89081615
0,1,Hypopnea,Normal,0.2836749,0.7163251
1,1,Normal,Normal,0.10666813,0.8933319
1,1,Normal,Normal,0.1725781,0.82742184
1,0,Normal,Hypopnea,0.5616598,0.43834022
1,1,Normal,Normal,0.10707099,0.892929
1,1,Normal,Normal,0.074360356,0.9256396
1,0,Normal,Hypopnea,0.4211344,0.5788655
0,0,Hypopnea,Hypopnea,0.5025484,0.49745166
0,0,Hypopnea,Hypopnea,0.7463118,0.25368822
1,0,Normal,Hypopnea,0.3141593,0.68584067
0,0,Hypopnea,Hypopnea,0.39626107,0.60373896
0,1,Hypopnea,Normal,0.08522189,0.9147782
1,1,Normal,Normal,0.15443037,0.8455696
0,1,Hypopnea,Normal,0.21482365,0.78517634
0,1,Hypopnea,Normal,0.16658516,0.83341485
1,1,Normal,Normal,0.13835038,0.86164963
1,1,Normal,Normal,0.2151154,0.7848846
0,1,Hypopnea,Normal,0.09137567,0.90862435
0,1,Hypopnea,Normal,0.29148707,0.7085129
1,1,Normal,Normal,0.2719945,0.7280055
0,0,Hypopnea,Hypopnea,0.5258674,0.47413266
0,0,Hypopnea,Hypopnea,0.31943673,0.6805633
1,1,Normal,Normal,0.20641644,0.7935835
0,1,Hypopnea,Normal,0.1873737,0.8126263
0,1,Hypopnea,Normal,0.06005817,0.9399419
1,1,Normal,Normal,0.09308679,0.9069132
1,1,Normal,Normal,0.21168876,0.7883112
0,0,Hypopnea,Hypopnea,0.33287063,0.6671294
0,1,Hypopnea,Normal,0.15615031,0.84384966
1,1,Normal,Normal,0.18332294,0.8166771
0,1,Hypopnea,Normal,0.28979176,0.7102083
1,1,Normal,Normal,0.050951038,0.949049
1,1,Normal,Normal,0.12630886,0.8736912
1,1,Normal,Normal,0.14787085,0.85212916
1,0,Normal,Hypopnea,0.5421049,0.45789516
1,1,Normal,Normal,0.18644214,0.81355786
0,1,Hypopnea,Normal,0.24194114,0.75805885
1,1,Normal,Normal,0.13958861,0.86041147
1,1,Normal,Normal,0.048131924,0.9518681
0,1,Hypopnea,Normal,0.03864959,0.9613504
0,1,Hypopnea,Normal,0.2619866,0.7380134
1,1,Normal,Normal,0.15293132,0.8470687
1,1,Normal,Normal,0.25729534,0.74270463
1,1,Normal,Normal,0.2505124,0.74948764
0,1,Hypopnea,Normal,0.06855946,0.9314406
1,1,Normal,Normal,0.060899463,0.93910056
1,0,Normal,Hypopnea,0.4028274,0.59717256
0,0,Hypopnea,Hypopnea,0.5822961,0.41770393
1,1,Normal,Normal,0.2375325,0.7624675
1,1,Normal,Normal,0.02474813,0.9752519
1,1,Normal,Normal,0.17396279,0.8260372
1,1,Normal,Normal,0.20231493,0.7976851
1,1,Normal,Normal,0.025290223,0.9747098
0,0,Hypopnea,Hypopnea,0.57730186,0.4226981
1,0,Normal,Hypopnea,0.54987454,0.45012546
1,1,Normal,Normal,0.103895746,0.8961043
1,1,Normal,Normal,0.19529018,0.8047098
1,1,Normal,Normal,0.1659875,0.8340125
1,1,Normal,Normal,0.06889467,0.9311053
1,1,Normal,Normal,0.14841592,0.8515841
1,1,Normal,Normal,0.058057744,0.9419423
1,0,Normal,Hypopnea,0.33760056,0.6623995
1,1,Normal,Normal,0.19185871,0.80814135
0,1,Hypopnea,Normal,0.20850287,0.7914971
0,1,Hypopnea,Normal,0.12310241,0.87689763
0,1,Hypopnea,Normal,0.066207185,0.93379277
1,0,Normal,Hypopnea,0.3971344,0.60286564
0,1,Hypopnea,Normal,0.25180563,0.7481944
0,1,Hypopnea,Normal,0.23297592,0.7670241
1,1,Normal,Normal,0.10303161,0.89696836
1,1,Normal,Normal,0.22796474,0.7720353
0,0,Hypopnea,Hypopnea,0.38360405,0.61639595
0,1,Hypopnea,Normal,0.2996373,0.7003627
1,1,Normal,Normal,0.10123738,0.8987626
1,1,Normal,Normal,0.2766563,0.7233437
0,1,Hypopnea,Normal,0.042191442,0.95780855
0,1,Hypopnea,Normal,0.08619081,0.9138091
1,1,Normal,Normal,0.171416,0.828584
1,0,Normal,Hypopnea,0.48631254,0.51368743
1,0,Normal,Hypopnea,0.4632499,0.5367501
1,1,Normal,Normal,0.13036136,0.8696386
0,1,Hypopnea,Normal,0.13202816,0.8679719
0,1,Hypopnea,Normal,0.16660199,0.83339804
1,1,Normal,Normal,0.24958815,0.75041187
1,1,Normal,Normal,0.274585,0.72541505
1,0,Normal,Hypopnea,0.33306456,0.66693544
0,1,Hypopnea,Normal,0.0914914,0.9085086
1,1,Normal,Normal,0.19254272,0.8074573
1,1,Normal,Normal,0.2372274,0.76277256
0,1,Hypopnea,Normal,0.27867946,0.7213205
1,1,Normal,Normal,0.022582272,0.97741765
1,1,Normal,Normal,0.05412066,0.9458793
1,1,Normal,Normal,0.08869042,0.91130954
0,1,Hypopnea,Normal,0.030552084,0.969448
1,1,Normal,Normal,0.21291946,0.7870805
1,1,Normal,Normal,0.09964628,0.90035367
1,1,Normal,Normal,0.07107975,0.92892027
1,1,Normal,Normal,0.042750873,0.95724916
1,1,Normal,Normal,0.042184185,0.95781577
1,1,Normal,Normal,0.02839045,0.9716096
1,1,Normal,Normal,0.10334451,0.89665544
1,1,Normal,Normal,0.12004953,0.87995046
1,1,Normal,Normal,0.097242445,0.9027575
1,1,Normal,Normal,0.057000335,0.94299966
1,1,Normal,Normal,0.03193093,0.9680691
1,1,Normal,Normal,0.27179664,0.7282033
1,0,Normal,Hypopnea,0.501639,0.498361
1,1,Normal,Normal,0.07206529,0.92793477
1,1,Normal,Normal,0.015312896,0.98468715
1,1,Normal,Normal,0.0709349,0.9290651
1,1,Normal,Normal,0.2832718,0.7167282
1,0,Normal,Hypopnea,0.4214202,0.57857984
1,1,Normal,Normal,0.2292096,0.77079046
1,1,Normal,Normal,0.13367501,0.866325
1,1,Normal,Normal,0.031180661,0.9688194
1,1,Normal,Normal,0.26720375,0.7327963
1,1,Normal,Normal,0.12216117,0.87783885
1,1,Normal,Normal,0.014164994,0.985835
1,1,Normal,Normal,0.017668912,0.98233104
1,1,Normal,Normal,0.05772417,0.9422759
1,1,Normal,Normal,0.23479484,0.7652052
1,1,Normal,Normal,0.053401574,0.9465985
1,1,Normal,Normal,0.06869666,0.9313034
1,1,Normal,Normal,0.012454116,0.9875459
1,1,Normal,Normal,0.03471548,0.9652845
1,1,Normal,Normal,0.035916507,0.9640835
1,1,Normal,Normal,0.04504579,0.9549542
1,1,Normal,Normal,0.064626835,0.9353732
1,1,Normal,Normal,0.03949214,0.96050787
1,1,Normal,Normal,0.023341713,0.9766583
1,1,Normal,Normal,0.036526944,0.963473
1,1,Normal,Normal,0.10465243,0.89534754
1,1,Normal,Normal,0.081983745,0.9180163
1,1,Normal,Normal,0.07519018,0.9248099
1,0,Normal,Hypopnea,0.30962813,0.6903719
1,1,Normal,Normal,0.07836529,0.92163473
1,1,Normal,Normal,0.022319587,0.9776804
1,1,Normal,Normal,0.07345178,0.9265482
1,1,Normal,Normal,0.09983022,0.90016973
1,1,Normal,Normal,0.07840091,0.9215991
1,0,Normal,Hypopnea,0.44146824,0.5585318
1,1,Normal,Normal,0.18869671,0.81130326
1,1,Normal,Normal,0.23007639,0.7699236
1,1,Normal,Normal,0.23361202,0.766388
1,1,Normal,Normal,0.07363791,0.9263621
1,1,Normal,Normal,0.27071726,0.72928274
1,1,Normal,Normal,0.2304428,0.7695572
0,1,Hypopnea,Normal,0.11914777,0.8808523
1,1,Normal,Normal,0.12653446,0.8734656
1,1,Normal,Normal,0.09152931,0.90847075
1,1,Normal,Normal,0.05677163,0.94322836
1,1,Normal,Normal,0.13117217,0.8688279
1,0,Normal,Hypopnea,0.37280264,0.6271974
1,1,Normal,Normal,0.10682829,0.8931717
1,1,Normal,Normal,0.107618645,0.89238137
1,1,Normal,Normal,0.0408189,0.9591811
1,1,Normal,Normal,0.049049772,0.95095026
1,1,Normal,Normal,0.29018798,0.709812
1,1,Normal,Normal,0.14439823,0.8556018
1,1,Normal,Normal,0.29040554,0.7095944
1,1,Normal,Normal,0.09624599,0.90375406
1,1,Normal,Normal,0.10104582,0.89895415
1,1,Normal,Normal,0.102895,0.897105
1,1,Normal,Normal,0.053183157,0.94681686
1,1,Normal,Normal,0.087134294,0.91286576
1,1,Normal,Normal,0.02505133,0.9749487
1,1,Normal,Normal,0.057105638,0.9428944
1,1,Normal,Normal,0.09704792,0.9029521
1,0,Normal,Hypopnea,0.31802237,0.68197757
1,1,Normal,Normal,0.17433456,0.8256654
1,1,Normal,Normal,0.13765174,0.86234826
1,1,Normal,Normal,0.26086015,0.7391399
1,0,Normal,Hypopnea,0.3291429,0.67085713
1,1,Normal,Normal,0.22365846,0.77634156
1,1,Normal,Normal,0.17098702,0.82901293
1,1,Normal,Normal,0.26682347,0.7331765
1,0,Normal,Hypopnea,0.3885753,0.6114246
1,0,Normal,Hypopnea,0.37375095,0.626249
1,0,Normal,Hypopnea,0.34927368,0.6507263
1,0,Normal,Hypopnea,0.43172923,0.5682708
1,1,Normal,Normal,0.070251174,0.9297489
1,1,Normal,Normal,0.068666995,0.93133307
1,1,Normal,Normal,0.16966835,0.8303316
1,1,Normal,Normal,0.022348111,0.9776519
1,1,Normal,Normal,0.017205874,0.98279417
1,1,Normal,Normal,0.16378966,0.83621037
1,1,Normal,Normal,0.07162148,0.92837846
1,1,Normal,Normal,0.015023242,0.98497677
1,1,Normal,Normal,0.0801888,0.9198112
1,1,Normal,Normal,0.20352554,0.7964744
1,1,Normal,Normal,0.051843263,0.9481567
1,1,Normal,Normal,0.08208523,0.91791475
1,1,Normal,Normal,0.06643571,0.93356425
1,1,Normal,Normal,0.05734184,0.9426581
1,1,Normal,Normal,0.12157491,0.87842506
1,1,Normal,Normal,0.013712926,0.98628706
1,1,Normal,Normal,0.01874124,0.9812587
1,1,Normal,Normal,0.060345024,0.93965495
1,1,Normal,Normal,0.03127799,0.96872205
1,1,Normal,Normal,0.03272978,0.9672702
1,1,Normal,Normal,0.010805842,0.98919415
1,1,Normal,Normal,0.015437767,0.9845622
1,1,Normal,Normal,0.2943243,0.70567566
1,1,Normal,Normal,0.13368575,0.86631423
1,1,Normal,Normal,0.06415031,0.9358497
1,1,Normal,Normal,0.13329102,0.86670905
1,1,Normal,Normal,0.07374765,0.92625237
1,1,Normal,Normal,0.06791913,0.9320809
1,1,Normal,Normal,0.10727876,0.89272124
1,1,Normal,Normal,0.17428824,0.8257117
1,1,Normal,Normal,0.23576263,0.7642374
1,1,Normal,Normal,0.1312995,0.8687005
1,1,Normal,Normal,0.10098806,0.89901197
1,1,Normal,Normal,0.0027086819,0.99729127
1,1,Normal,Normal,0.0034641146,0.9965359
1,1,Normal,Normal,0.100722186,0.8992778
1,1,Normal,Normal,0.15946004,0.84053993
1,1,Normal,Normal,0.061830886,0.9381691
1,1,Normal,Normal,0.08289296,0.9171071
1,1,Normal,Normal,0.061216995,0.938783
1,1,Normal,Normal,0.025666332,0.9743337
1,1,Normal,Normal,0.08975077,0.9102492
1,1,Normal,Normal,0.10806232,0.8919377
1,1,Normal,Normal,0.080863744,0.9191362
1,1,Normal,Normal,0.09801915,0.9019809
1,1,Normal,Normal,0.1490587,0.8509413
1,1,Normal,Normal,0.17855573,0.8214443
1,1,Normal,Normal,0.11102164,0.88897836
1,1,Normal,Normal,0.060073406,0.9399266
1,1,Normal,Normal,0.0725029,0.927497
1,1,Normal,Normal,0.04652466,0.9534753
1,1,Normal,Normal,0.032965254,0.96703476
1,1,Normal,Normal,0.16622084,0.83377916
1,1,Normal,Normal,0.10251063,0.89748937
1,1,Normal,Normal,0.092657275,0.9073428
1,1,Normal,Normal,0.029318696,0.97068125
1,1,Normal,Normal,0.012089526,0.9879105
1,1,Normal,Normal,0.13319537,0.8668046
1,1,Normal,Normal,0.11681223,0.8831877
1,1,Normal,Normal,0.17070815,0.8292918
1,1,Normal,Normal,0.2934528,0.7065472
1,1,Normal,Normal,0.06821194,0.931788
1,1,Normal,Normal,0.041722145,0.9582778
1,1,Normal,Normal,0.22004925,0.7799508
1,1,Normal,Normal,0.12024019,0.8797598
1,1,Normal,Normal,0.09242749,0.90757245
1,1,Normal,Normal,0.03458574,0.9654142
1,1,Normal,Normal,0.021218456,0.9787815
1,1,Normal,Normal,0.06282667,0.93717337
1,0,Normal,Hypopnea,0.40070605,0.5992939
1,1,Normal,Normal,0.2878591,0.71214086
1,1,Normal,Normal,0.08195707,0.9180429
1,1,Normal,Normal,0.032278992,0.967721
1,1,Normal,Normal,0.045507688,0.9544923
1,1,Normal,Normal,0.0728044,0.92719567
1,1,Normal,Normal,0.13831903,0.861681
1,1,Normal,Normal,0.05762702,0.9423729
1,1,Normal,Normal,0.05157237,0.9484276
1,1,Normal,Normal,0.05149678,0.9485032
1,1,Normal,Normal,0.09883289,0.90116715
1,1,Normal,Normal,0.20664804,0.7933519
1,1,Normal,Normal,0.17279308,0.82720697
1,1,Normal,Normal,0.062894724,0.93710536
1,1,Normal,Normal,0.23056759,0.7694324
1,1,Normal,Normal,0.20125559,0.79874444
1,0,Normal,Hypopnea,0.34747857,0.65252143
1,1,Normal,Normal,0.1326904,0.8673096
1,0,Normal,Hypopnea,0.3281116,0.6718885
1,1,Normal,Normal,0.20823088,0.7917691
1,1,Normal,Normal,0.034263376,0.9657367
1,1,Normal,Normal,0.0420929,0.9579071
1,1,Normal,Normal,0.12969485,0.8703052
1,1,Normal,Normal,0.25434452,0.7456555
1,1,Normal,Normal,0.2879237,0.7120763
1,0,Normal,Hypopnea,0.5813472,0.41865274
1,1,Normal,Normal,0.18143176,0.8185682
1,1,Normal,Normal,0.09872196,0.901278
1,1,Normal,Normal,0.27314365,0.72685635
1,1,Normal,Normal,0.09274968,0.90725034
1,1,Normal,Normal,0.049443036,0.95055693
1,1,Normal,Normal,0.105018385,0.8949816
1,1,Normal,Normal,0.1830306,0.8169694
1,0,Normal,Hypopnea,0.34598956,0.6540105
1,1,Normal,Normal,0.033676464,0.9663235
1,1,Normal,Normal,0.21633776,0.7836623
1,0,Normal,Hypopnea,0.4235222,0.57647777
1,1,Normal,Normal,0.25057483,0.7494252
1,1,Normal,Normal,0.059802152,0.9401979
1,1,Normal,Normal,0.10830499,0.89169496
1,1,Normal,Normal,0.20537367,0.79462636
1,1,Normal,Normal,0.047400314,0.9525997
1,1,Normal,Normal,0.106733315,0.8932666
0,1,Hypopnea,Normal,0.04377865,0.9562214
0,1,Hypopnea,Normal,0.11934338,0.8806566
1,0,Normal,Hypopnea,0.41526073,0.5847393
1,1,Normal,Normal,0.14922798,0.850772
1,1,Normal,Normal,0.06616518,0.9338348
0,1,Hypopnea,Normal,0.03907124,0.96092874
1,1,Normal,Normal,0.11112138,0.88887864
1,1,Normal,Normal,0.07773558,0.9222644
1,0,Normal,Hypopnea,0.38375592,0.6162441
0,0,Hypopnea,Hypopnea,0.4198925,0.58010757
1,1,Normal,Normal,0.24102971,0.7589703
1,1,Normal,Normal,0.050751746,0.9492482
1,1,Normal,Normal,0.1237422,0.87625784
1,1,Normal,Normal,0.058610167,0.9413898
1,1,Normal,Normal,0.04692333,0.95307666
1,1,Normal,Normal,0.2917176,0.7082824
0,0,Hypopnea,Hypopnea,0.36649197,0.633508
1,1,Normal,Normal,0.22513029,0.77486974
0,1,Hypopnea,Normal,0.24726257,0.7527374
1,1,Normal,Normal,0.2873611,0.7126389
1,1,Normal,Normal,0.08088657,0.91911346
1,1,Normal,Normal,0.07905482,0.9209452
1,1,Normal,Normal,0.09763225,0.9023677
1,1,Normal,Normal,0.25817138,0.74182856
1,1,Normal,Normal,0.14061663,0.8593834
1,1,Normal,Normal,0.13249977,0.8675003
0,1,Hypopnea,Normal,0.21010453,0.7898955
1,0,Normal,Hypopnea,0.39839393,0.6016061
0,0,Hypopnea,Hypopnea,0.3818442,0.61815584
1,1,Normal,Normal,0.09475542,0.9052445
1,1,Normal,Normal,0.24671447,0.7532855
1,1,Normal,Normal,0.17928231,0.8207177
1,0,Normal,Hypopnea,0.43894413,0.5610559
1,1,Normal,Normal,0.09707184,0.9029282
1,1,Normal,Normal,0.08364051,0.91635954
0,1,Hypopnea,Normal,0.27235627,0.7276437
0,1,Hypopnea,Normal,0.18846405,0.81153595
1,1,Normal,Normal,0.12548365,0.8745164
1,1,Normal,Normal,0.010742832,0.98925716
1,1,Normal,Normal,0.01018502,0.989815
1,1,Normal,Normal,0.022811022,0.97718894
1,1,Normal,Normal,0.15789893,0.84210104
1,1,Normal,Normal,0.278822,0.721178
1,1,Normal,Normal,0.13136344,0.86863655
1,1,Normal,Normal,0.035598364,0.9644016
1,1,Normal,Normal,0.04768352,0.95231646
1,1,Normal,Normal,0.05230008,0.94769984
1,1,Normal,Normal,0.022390403,0.97760963
1,1,Normal,Normal,0.0024075336,0.9975924
1,1,Normal,Normal,0.034591317,0.9654087
1,1,Normal,Normal,0.2791326,0.7208674
0,0,Hypopnea,Hypopnea,0.31349584,0.6865041
1,1,Normal,Normal,0.20192096,0.798079
0,1,Hypopnea,Normal,0.14823265,0.85176736
0,1,Hypopnea,Normal,0.23831344,0.76168656
1,0,Normal,Hypopnea,0.48184314,0.5181568
0,1,Hypopnea,Normal,0.27494067,0.72505933
1,1,Normal,Normal,0.08540594,0.91459405
1,1,Normal,Normal,0.08395671,0.91604334
1,1,Normal,Normal,0.03244317,0.9675568
0,1,Hypopnea,Normal,0.20994808,0.79005194
0,1,Hypopnea,Normal,0.11572184,0.8842781
0,1,Hypopnea,Normal,0.15603876,0.8439612
1,1,Normal,Normal,0.28348374,0.71651626
0,0,Hypopnea,Hypopnea,0.32152194,0.67847806
1,1,Normal,Normal,0.037723992,0.962276
1,1,Normal,Normal,0.17327316,0.82672685
1,1,Normal,Normal,0.032342453,0.96765757
1,1,Normal,Normal,0.11272865,0.8872714
1,1,Normal,Normal,0.10347118,0.89652884
1,1,Normal,Normal,0.110426515,0.8895735
1,1,Normal,Normal,0.08030082,0.91969925
1,1,Normal,Normal,0.16819026,0.8318097
1,1,Normal,Normal,0.15938598,0.84061396
1,1,Normal,Normal,0.0914289,0.9085711
1,0,Normal,Hypopnea,0.31196225,0.68803775
1,1,Normal,Normal,0.27409744,0.7259026
1,1,Normal,Normal,0.034068722,0.9659313
1,1,Normal,Normal,0.0848127,0.91518736
1,1,Normal,Normal,0.02286997,0.97713006
1,1,Normal,Normal,0.20410222,0.7958978
1,1,Normal,Normal,0.18347798,0.81652206
1,1,Normal,Normal,0.05559623,0.94440377
1,1,Normal,Normal,0.07343732,0.92656267
1,1,Normal,Normal,0.05334045,0.94665956
1,1,Normal,Normal,0.25615597,0.74384403
1,1,Normal,Normal,0.07071236,0.9292877
1,1,Normal,Normal,0.024115477,0.97588456
1,1,Normal,Normal,0.036452077,0.96354795
1,1,Normal,Normal,0.07819088,0.92180914
1,1,Normal,Normal,0.042927958,0.957072
1,1,Normal,Normal,0.016684527,0.98331547
1,1,Normal,Normal,0.028461028,0.971539
1,1,Normal,Normal,0.0099751055,0.9900249
1,1,Normal,Normal,0.030016994,0.969983
1,1,Normal,Normal,0.124736965,0.8752631
1,1,Normal,Normal,0.030973284,0.9690267
1,1,Normal,Normal,0.09966247,0.9003376
1,1,Normal,Normal,0.07548088,0.9245192
1,1,Normal,Normal,0.065246515,0.93475354
1,1,Normal,Normal,0.014630985,0.985369
1,1,Normal,Normal,0.05546291,0.9445371
1,1,Normal,Normal,0.20766307,0.79233694
1,1,Normal,Normal,0.1064624,0.89353764
1,1,Normal,Normal,0.06375773,0.9362423
1,1,Normal,Normal,0.040071473,0.9599285
1,1,Normal,Normal,0.015328218,0.9846718
1,1,Normal,Normal,0.01126276,0.9887372
1,1,Normal,Normal,0.20890523,0.7910947
1,1,Normal,Normal,0.23872954,0.76127046
1,1,Normal,Normal,0.10853547,0.89146453
1,1,Normal,Normal,0.1593404,0.8406596
1,1,Normal,Normal,0.20892668,0.7910733
1,1,Normal,Normal,0.09297204,0.90702796
1,1,Normal,Normal,0.03546189,0.9645381
1,1,Normal,Normal,0.11135331,0.8886467
1,1,Normal,Normal,0.14340426,0.85659575
1,1,Normal,Normal,0.042239457,0.9577606
1,1,Normal,Normal,0.13401343,0.8659865
1,1,Normal,Normal,0.07347889,0.92652106
1,1,Normal,Normal,0.17612927,0.8238707
1,1,Normal,Normal,0.17141593,0.82858413
1,1,Normal,Normal,0.07548284,0.92451715
1,1,Normal,Normal,0.06966298,0.930337
1,1,Normal,Normal,0.056474913,0.9435251
1,1,Normal,Normal,0.078993835,0.92100614
1,1,Normal,Normal,0.10096035,0.8990396
1,1,Normal,Normal,0.07928332,0.92071664
1,1,Normal,Normal,0.25448915,0.74551094
1,1,Normal,Normal,0.20304996,0.7969501
1,1,Normal,Normal,0.1745221,0.8254779
1,1,Normal,Normal,0.09139046,0.90860957
1,1,Normal,Normal,0.010377688,0.98962235
1,1,Normal,Normal,0.062772125,0.93722785
1,1,Normal,Normal,0.10450401,0.895496
1,1,Normal,Normal,0.10950869,0.8904913
1,1,Normal,Normal,0.0791673,0.9208327
1,0,Normal,Hypopnea,0.3248622,0.6751378
1,0,Normal,Hypopnea,0.37076256,0.6292375
1,1,Normal,Normal,0.29857367,0.70142627
1,0,Normal,Hypopnea,0.30292806,0.6970719
1,1,Normal,Normal,0.11000323,0.8899967
1,1,Normal,Normal,0.04715564,0.9528443
1,1,Normal,Normal,0.110912375,0.8890877
1,1,Normal,Normal,0.020912336,0.9790877
1,1,Normal,Normal,0.046503372,0.95349663
1,1,Normal,Normal,0.008656445,0.9913435
1,1,Normal,Normal,0.0053336704,0.99466634
1,1,Normal,Normal,0.052918766,0.9470812
1,1,Normal,Normal,0.16440715,0.8355928
1,0,Normal,Hypopnea,0.30874336,0.69125664
0,1,Hypopnea,Normal,0.23309885,0.76690114
1,0,Normal,Hypopnea,0.42290947,0.57709056
0,1,Hypopnea,Normal,0.154286,0.84571403
0,1,Hypopnea,Normal,0.22222565,0.7777744
0,1,Hypopnea,Normal,0.2883781,0.71162194
1,1,Normal,Normal,0.22214647,0.7778536
1,1,Normal,Normal,0.19897255,0.8010275
1,1,Normal,Normal,0.10808176,0.89191824
1,1,Normal,Normal,0.198271,0.80172896
1,1,Normal,Normal,0.19543558,0.8045644
1,1,Normal,Normal,0.045933664,0.95406634
0,1,Hypopnea,Normal,0.08520198,0.914798
1,1,Normal,Normal,0.19732964,0.8026704
1,1,Normal,Normal,0.15908577,0.84091425
0,0,Hypopnea,Hypopnea,0.3802063,0.6197937
0,0,Hypopnea,Hypopnea,0.49598014,0.5040198
1,1,Normal,Normal,0.14986126,0.8501387
1,1,Normal,Normal,0.12389918,0.8761009
0,0,Hypopnea,Hypopnea,0.59419,0.40581
1,1,Normal,Normal,0.25521848,0.74478155
1,1,Normal,Normal,0.20904446,0.79095554
1,1,Normal,Normal,0.17538027,0.8246197
0,0,Hypopnea,Hypopnea,0.3284085,0.67159146
1,0,Normal,Hypopnea,0.4039165,0.5960835
1,0,Normal,Hypopnea,0.4285868,0.5714132
0,0,Hypopnea,Hypopnea,0.5310074,0.46899253
1,1,Normal,Normal,0.17423674,0.8257633
1,1,Normal,Normal,0.18394029,0.8160597
1,0,Normal,Hypopnea,0.31514654,0.6848535
1,0,Normal,Hypopnea,0.3494161,0.6505839
0,0,Hypopnea,Hypopnea,0.38082546,0.61917454
1,0,Normal,Hypopnea,0.3739231,0.62607694
1,1,Normal,Normal,0.12261952,0.87738043
0,1,Hypopnea,Normal,0.23070014,0.76929986
1,1,Normal,Normal,0.2678358,0.7321642
1,1,Normal,Normal,0.17809783,0.82190216
1,1,Normal,Normal,0.22030711,0.7796929
1,0,Normal,Hypopnea,0.36813146,0.6318685
0,0,Hypopnea,Hypopnea,0.36959425,0.6304057
0,0,Hypopnea,Hypopnea,0.36856723,0.6314328
1,0,Normal,Hypopnea,0.47046807,0.52953196
1,0,Normal,Hypopnea,0.32616287,0.67383707
1,0,Normal,Hypopnea,0.39188084,0.6081192
1,1,Normal,Normal,0.24217483,0.7578252
1,1,Normal,Normal,0.1019749,0.8980251
1,1,Normal,Normal,0.14759131,0.85240865
1,1,Normal,Normal,0.20920826,0.79079175
1,1,Normal,Normal,0.25871417,0.7412858
1,1,Normal,Normal,0.0763967,0.92360336
0,1,Hypopnea,Normal,0.051151846,0.9488481
0,1,Hypopnea,Normal,0.22623321,0.77376676
1,1,Normal,Normal,0.29618588,0.7038141
1,0,Normal,Hypopnea,0.3065281,0.6934719
0,1,Hypopnea,Normal,0.113153696,0.8868463
0,0,Hypopnea,Hypopnea,0.31558058,0.68441945
0,0,Hypopnea,Hypopnea,0.46313682,0.5368632
0,0,Hypopnea,Hypopnea,0.46863234,0.53136766
1,0,Normal,Hypopnea,0.4759834,0.5240166
1,1,Normal,Normal,0.11630735,0.8836926
1,1,Normal,Normal,0.017396616,0.9826034
1,1,Normal,Normal,0.26228058,0.7377195
1,0,Normal,Hypopnea,0.46380588,0.53619415
0,0,Hypopnea,Hypopnea,0.67242,0.32757992
1,1,Normal,Normal,0.21499157,0.78500843
1,1,Normal,Normal,0.27506894,0.72493106
1,0,Normal,Hypopnea,0.49340495,0.50659496
0,1,Hypopnea,Normal,0.102451466,0.89754856
1,1,Normal,Normal,0.25863102,0.741369
1,1,Normal,Normal,0.11809655,0.8819034
1,1,Normal,Normal,0.2898772,0.71012276
1,1,Normal,Normal,0.26076615,0.7392338
1,0,Normal,Hypopnea,0.34863016,0.65136987
0,1,Hypopnea,Normal,0.23727585,0.76272416
1,1,Normal,Normal,0.056925185,0.9430748
1,1,Normal,Normal,0.034896526,0.96510345
1,0,Normal,Hypopnea,0.40674803,0.593252
1,0,Normal,Hypopnea,0.44853315,0.5514668
1,1,Normal,Normal,0.096161425,0.9038386
1,1,Normal,Normal,0.19908737,0.8009126
1,1,Normal,Normal,0.18911606,0.81088394
1,1,Normal,Normal,0.11708325,0.88291675
1,1,Normal,Normal,0.14119872,0.8588013
1,1,Normal,Normal,0.12140994,0.87859005
1,1,Normal,Normal,0.26370734,0.73629266
1,1,Normal,Normal,0.20767021,0.7923298
1,1,Normal,Normal,0.06116192,0.93883806
1,1,Normal,Normal,0.05929683,0.9407032
1,1,Normal,Normal,0.100338854,0.8996612
1,1,Normal,Normal,0.11793286,0.8820671
1,0,Normal,Hypopnea,0.41788647,0.5821135
1,0,Normal,Hypopnea,0.30624628,0.6937537
1,1,Normal,Normal,0.17285067,0.82714933
1,1,Normal,Normal,0.045205425,0.9547945
1,1,Normal,Normal,0.10845261,0.89154744
1,0,Normal,Hypopnea,0.5462992,0.45370075
1,0,Normal,Hypopnea,0.5561139,0.44388613
1,0,Normal,Hypopnea,0.5069218,0.4930782
1,1,Normal,Normal,0.18369457,0.81630546
1,0,Normal,Hypopnea,0.55019504,0.44980493
1,0,Normal,Hypopnea,0.36040848,0.6395915
1,1,Normal,Normal,0.18211848,0.8178816
1,1,Normal,Normal,0.062430706,0.9375693
1,1,Normal,Normal,0.21415053,0.78584945
1,1,Normal,Normal,0.06823269,0.93176734
1,1,Normal,Normal,0.019418545,0.9805815
1,1,Normal,Normal,0.16429566,0.8357043
1,1,Normal,Normal,0.090742946,0.90925705
1,0,Normal,Hypopnea,0.6519894,0.34801054
1,0,Normal,Hypopnea,0.5081251,0.49187487
1,0,Normal,Hypopnea,0.6823954,0.31760463
1,0,Normal,Hypopnea,0.54181415,0.45818588
1,0,Normal,Hypopnea,0.7163387,0.2836613
1,0,Normal,Hypopnea,0.8599004,0.14009956
1,0,Normal,Hypopnea,0.7680779,0.23192213
1,0,Normal,Hypopnea,0.690067,0.309933
1,0,Normal,Hypopnea,0.6738868,0.32611322
1,0,Normal,Hypopnea,0.6882134,0.31178653
1,0,Normal,Hypopnea,0.51925623,0.4807438
1,1,Normal,Normal,0.15431069,0.8456893
1,1,Normal,Normal,0.07501513,0.9249849
1,1,Normal,Normal,0.058132462,0.9418676
1,1,Normal,Normal,0.048606534,0.9513934
1,1,Normal,Normal,0.015213997,0.984786
1,1,Normal,Normal,0.00682613,0.9931739
1,1,Normal,Normal,0.022192555,0.9778074
1,1,Normal,Normal,0.17877424,0.8212258
1,1,Normal,Normal,0.026410434,0.97358954
1,1,Normal,Normal,0.015467047,0.984533
1,1,Normal,Normal,0.02176457,0.97823536
1,1,Normal,Normal,0.032228917,0.9677711
1,1,Normal,Normal,0.04258557,0.95741445
1,1,Normal,Normal,0.056433234,0.9435668
1,1,Normal,Normal,0.037243336,0.9627567
1,1,Normal,Normal,0.011642548,0.9883575
1,1,Normal,Normal,0.0043434952,0.9956565
1,1,Normal,Normal,0.0069512073,0.9930488
1,1,Normal,Normal,0.005097958,0.994902
1,1,Normal,Normal,0.025888054,0.974112
1,1,Normal,Normal,0.017563006,0.982437
1,1,Normal,Normal,0.0034081612,0.9965918
1,1,Normal,Normal,0.0019132177,0.9980868
1,1,Normal,Normal,0.0032916917,0.9967083
1,1,Normal,Normal,0.010681683,0.9893183
1,1,Normal,Normal,0.027550587,0.97244936
1,1,Normal,Normal,0.052387215,0.9476128
1,1,Normal,Normal,0.060576886,0.93942314
1,1,Normal,Normal,0.003143018,0.9968569
1,1,Normal,Normal,0.0021109541,0.9978891
1,1,Normal,Normal,0.060793765,0.93920624
1,1,Normal,Normal,0.014238071,0.9857619
1,1,Normal,Normal,0.0090113925,0.9909887
1,1,Normal,Normal,0.005087876,0.9949122
1,1,Normal,Normal,0.0053884685,0.9946115
1,1,Normal,Normal,0.009867437,0.9901326
1,1,Normal,Normal,0.017299026,0.982701
1,1,Normal,Normal,0.014024539,0.98597544
1,1,Normal,Normal,0.06077874,0.93922126
1,1,Normal,Normal,0.009844905,0.9901551
1,1,Normal,Normal,0.0065708226,0.9934291
1,1,Normal,Normal,0.052305024,0.94769496
1,1,Normal,Normal,0.035017285,0.9649827
1,1,Normal,Normal,0.016747607,0.9832524
1,1,Normal,Normal,0.014425885,0.9855742
1,1,Normal,Normal,0.017657114,0.9823429
1,1,Normal,Normal,0.003258243,0.99674183
1,1,Normal,Normal,0.005267359,0.9947326
1,1,Normal,Normal,0.00959525,0.9904047
1,1,Normal,Normal,0.008677438,0.9913225
1,1,Normal,Normal,0.009439108,0.99056095
1,1,Normal,Normal,0.004293157,0.99570686
1,1,Normal,Normal,0.009819479,0.9901805
1,1,Normal,Normal,0.0021843985,0.9978156
1,1,Normal,Normal,0.003106732,0.9968933
1,1,Normal,Normal,0.0056194025,0.99438065
1,1,Normal,Normal,0.019925274,0.98007476
1,1,Normal,Normal,0.018816521,0.9811835
1,1,Normal,Normal,0.02021952,0.9797805
1,1,Normal,Normal,0.01958559,0.9804144
1,1,Normal,Normal,0.012945663,0.9870544
1,1,Normal,Normal,0.006333899,0.9936661
1,1,Normal,Normal,0.008012563,0.99198747
1,1,Normal,Normal,0.013193401,0.9868066
1,1,Normal,Normal,0.01121857,0.9887814
1,1,Normal,Normal,0.00531441,0.99468553
1,1,Normal,Normal,0.007977407,0.99202263
1,1,Normal,Normal,0.007876383,0.99212366
1,1,Normal,Normal,0.0329895,0.9670105
1,1,Normal,Normal,0.076459855,0.9235401
1,1,Normal,Normal,0.05448987,0.9455102
1,1,Normal,Normal,0.16422202,0.83577794
1,1,Normal,Normal,0.023606744,0.9763932
1,1,Normal,Normal,0.008250909,0.99174917
1,1,Normal,Normal,0.017600993,0.98239905
1,1,Normal,Normal,0.1249862,0.8750138
1,1,Normal,Normal,0.15764606,0.84235394
1,1,Normal,Normal,0.16808575,0.83191425
1,1,Normal,Normal,0.24044906,0.7595509
1,1,Normal,Normal,0.1451613,0.85483867
1,1,Normal,Normal,0.06583207,0.934168
1,1,Normal,Normal,0.04038388,0.9596161
1,1,Normal,Normal,0.20555909,0.7944409
1,0,Normal,Hypopnea,0.34472477,0.6552752
1,1,Normal,Normal,0.18755908,0.8124409
1,1,Normal,Normal,0.18787557,0.81212443
1,1,Normal,Normal,0.1872701,0.8127299
1,1,Normal,Normal,0.18830393,0.8116961
1,1,Normal,Normal,0.29505408,0.7049459
1,1,Normal,Normal,0.27053657,0.7294634
1,1,Normal,Normal,0.07749741,0.92250264
1,1,Normal,Normal,0.05488797,0.945112
1,1,Normal,Normal,0.012701703,0.98729837
1,1,Normal,Normal,0.17917217,0.82082784
1,0,Normal,Hypopnea,0.411003,0.58899707
0,1,Hypopnea,Normal,0.15165293,0.848347
0,1,Hypopnea,Normal,0.27046064,0.72953933
1,1,Normal,Normal,0.12568966,0.8743103
1,1,Normal,Normal,0.21680957,0.7831904
1,1,Normal,Normal,0.09621773,0.9037823
1,1,Normal,Normal,0.062835746,0.93716425
1,1,Normal,Normal,0.23559564,0.76440436
1,0,Normal,Hypopnea,0.3154421,0.684558
0,1,Hypopnea,Normal,0.034156084,0.96584386
0,1,Hypopnea,Normal,0.1940821,0.8059179
1,0,Normal,Hypopnea,0.4851254,0.51487464
0,0,Hypopnea,Hypopnea,0.5847347,0.41526532
1,1,Normal,Normal,0.192762,0.807238
1,1,Normal,Normal,0.13821545,0.8617845
1,1,Normal,Normal,0.2902079,0.7097921
1,0,Normal,Hypopnea,0.37619695,0.6238031
1,0,Normal,Hypopnea,0.5912309,0.4087691
1,0,Normal,Hypopnea,0.37603125,0.62396884
1,0,Normal,Hypopnea,0.57769924,0.42230082
1,0,Normal,Hypopnea,0.30926594,0.690734
1,1,Normal,Normal,0.17964232,0.82035774
0,0,Hypopnea,Hypopnea,0.60324836,0.39675167
0,1,Hypopnea,Normal,0.18759994,0.81240004
1,1,Normal,Normal,0.18846399,0.81153595
1,1,Normal,Normal,0.045094386,0.9549056
1,0,Normal,Hypopnea,0.40181544,0.5981845
1,1,Normal,Normal,0.20953341,0.79046655
1,0,Normal,Hypopnea,0.40587443,0.59412557
1,1,Normal,Normal,0.19007936,0.8099206
1,1,Normal,Normal,0.09872795,0.9012721
0,1,Hypopnea,Normal,0.070827454,0.9291726
0,0,Hypopnea,Hypopnea,0.36785632,0.6321437
1,1,Normal,Normal,0.18526718,0.8147328
0,0,Hypopnea,Hypopnea,0.4996924,0.5003076
0,1,Hypopnea,Normal,0.08528332,0.9147167
1,1,Normal,Normal,0.086622864,0.9133771
1,1,Normal,Normal,0.1320188,0.8679812
1,1,Normal,Normal,0.27754495,0.7224551
1,0,Normal,Hypopnea,0.3406483,0.65935165
0,1,Hypopnea,Normal,0.10762414,0.8923759
1,1,Normal,Normal,0.11095185,0.8890482
1,0,Normal,Hypopnea,0.35687563,0.64312434
1,1,Normal,Normal,0.1330332,0.86696684
1,1,Normal,Normal,0.120967716,0.8790323
1,1,Normal,Normal,0.14749162,0.85250837
1,0,Normal,Hypopnea,0.38367936,0.61632067
1,1,Normal,Normal,0.24363832,0.7563617
1,0,Normal,Hypopnea,0.32188344,0.67811656
0,1,Hypopnea,Normal,0.09421525,0.9057847
0,1,Hypopnea,Normal,0.103128575,0.89687145
1,1,Normal,Normal,0.23016444,0.7698355
0,0,Hypopnea,Hypopnea,0.38846,0.61154
1,1,Normal,Normal,0.24340588,0.7565941
0,1,Hypopnea,Normal,0.10152327,0.8984767
0,1,Hypopnea,Normal,0.24137059,0.75862944
0,1,Hypopnea,Normal,0.2787127,0.72128737
0,1,Hypopnea,Normal,0.27077135,0.7292286
1,1,Normal,Normal,0.07371892,0.9262811
0,0,Hypopnea,Hypopnea,0.42704993,0.57295007
1,0,Normal,Hypopnea,0.36446688,0.63553315
1,0,Normal,Hypopnea,0.39680263,0.6031974
1,0,Normal,Hypopnea,0.31433877,0.6856612
0,1,Hypopnea,Normal,0.23029974,0.7697002
0,0,Hypopnea,Hypopnea,0.6602108,0.33978924
1,1,Normal,Normal,0.25531185,0.74468815
1,1,Normal,Normal,0.14735286,0.85264707
1,1,Normal,Normal,0.14779153,0.85220844
1,0,Normal,Hypopnea,0.55146646,0.4485336
0,0,Hypopnea,Hypopnea,0.6057536,0.39424643
0,0,Hypopnea,Hypopnea,0.5571414,0.44285858
1,1,Normal,Normal,0.19195487,0.8080452
1,1,Normal,Normal,0.285526,0.714474
0,0,Hypopnea,Hypopnea,0.49279618,0.5072039
1,0,Normal,Hypopnea,0.32876086,0.67123914
0,1,Hypopnea,Normal,0.06360142,0.9363986
0,1,Hypopnea,Normal,0.029472863,0.9705272
1,1,Normal,Normal,0.22909193,0.7709081
0,1,Hypopnea,Normal,0.122028574,0.8779715
0,1,Hypopnea,Normal,0.20456527,0.79543465
1,1,Normal,Normal,0.10816319,0.8918368
0,1,Hypopnea,Normal,0.14935768,0.8506424
0,0,Hypopnea,Hypopnea,0.3667392,0.6332608
0,0,Hypopnea,Hypopnea,0.5120589,0.4879411
0,0,Hypopnea,Hypopnea,0.4167986,0.5832014
1,0,Normal,Hypopnea,0.33450875,0.6654913
0,0,Hypopnea,Hypopnea,0.487833,0.512167
0,0,Hypopnea,Hypopnea,0.34354207,0.6564579
0,1,Hypopnea,Normal,0.23123206,0.76876795
0,0,Hypopnea,Hypopnea,0.4557935,0.5442065
1,1,Normal,Normal,0.09762359,0.9023765
0,1,Hypopnea,Normal,0.13525604,0.86474395
1,0,Normal,Hypopnea,0.3663251,0.63367486
0,0,Hypopnea,Hypopnea,0.57615656,0.42384338
1,1,Normal,Normal,0.21080527,0.7891947
1,0,Normal,Hypopnea,0.4176036,0.58239645
0,1,Hypopnea,Normal,0.25641075,0.7435892
0,0,Hypopnea,Hypopnea,0.41900173,0.58099824
1,1,Normal,Normal,0.10102256,0.8989774
0,1,Hypopnea,Normal,0.20221044,0.7977896
1,0,Normal,Hypopnea,0.3402495,0.65975046
1,1,Normal,Normal,0.1325437,0.8674563
1,1,Normal,Normal,0.17003895,0.82996106
0,1,Hypopnea,Normal,0.2708686,0.72913134
1,1,Normal,Normal,0.26181537,0.7381847
1,0,Normal,Hypopnea,0.34001917,0.6599808
1,1,Normal,Normal,0.26321334,0.73678666
1,1,Normal,Normal,0.105652444,0.89434755
1,1,Normal,Normal,0.13753228,0.86246777
1,1,Normal,Normal,0.21120057,0.78879946
1,1,Normal,Normal,0.22013678,0.77986324
0,1,Hypopnea,Normal,0.17500822,0.82499176
1,1,Normal,Normal,0.20873545,0.7912646
0,0,Hypopnea,Hypopnea,0.32574403,0.67425597
1,1,Normal,Normal,0.29932937,0.7006706
0,1,Hypopnea,Normal,0.1840373,0.8159627
0,1,Hypopnea,Normal,0.2833947,0.7166053
1,0,Normal,Hypopnea,0.31957507,0.6804249
1,0,Normal,Hypopnea,0.36092332,0.6390767
1,0,Normal,Hypopnea,0.5389321,0.46106794
1,0,Normal,Hypopnea,0.5407223,0.4592777
1,1,Normal,Normal,0.25431803,0.74568194
1,0,Normal,Hypopnea,0.31452778,0.68547225
1,1,Normal,Normal,0.25912791,0.7408721
1,1,Normal,Normal,0.26605612,0.7339438
1,1,Normal,Normal,0.15310769,0.8468923
1,0,Normal,Hypopnea,0.3965001,0.60349995
1,1,Normal,Normal,0.22167361,0.7783264
0,0,Hypopnea,Hypopnea,0.30585223,0.69414777
1,1,Normal,Normal,0.22091034,0.7790897
0,1,Hypopnea,Normal,0.14194618,0.85805386
0,1,Hypopnea,Normal,0.2144232,0.78557676
1,1,Normal,Normal,0.13228694,0.86771303
1,1,Normal,Normal,0.1271331,0.8728669
1,0,Normal,Hypopnea,0.37678504,0.62321496
1,1,Normal,Normal,0.2981576,0.7018424
0,0,Hypopnea,Hypopnea,0.56192064,0.4380794
1,0,Normal,Hypopnea,0.43426752,0.5657324
1,0,Normal,Hypopnea,0.35136363,0.6486364
1,1,Normal,Normal,0.24686374,0.7531363
1,1,Normal,Normal,0.067581624,0.93241835
1,1,Normal,Normal,0.1387483,0.8612517
0,0,Hypopnea,Hypopnea,0.4512217,0.5487783
1,1,Normal,Normal,0.0570965,0.9429035
0,1,Hypopnea,Normal,0.19524434,0.8047556
1,1,Normal,Normal,0.07010773,0.92989224
0,1,Hypopnea,Normal,0.10019844,0.89980155
0,0,Hypopnea,Hypopnea,0.38651747,0.61348253
0,1,Hypopnea,Normal,0.26803383,0.7319662
0,0,Hypopnea,Hypopnea,0.4444976,0.55550236
0,0,Hypopnea,Hypopnea,0.6883448,0.31165522
0,0,Hypopnea,Hypopnea,0.5548783,0.44512165
1,0,Normal,Hypopnea,0.37598225,0.6240177
0,0,Hypopnea,Hypopnea,0.37509498,0.624905
0,1,Hypopnea,Normal,0.2867324,0.7132676
1,1,Normal,Normal,0.18309155,0.8169084
1,0,Normal,Hypopnea,0.47753146,0.5224685
0,0,Hypopnea,Hypopnea,0.52099735,0.47900268
0,0,Hypopnea,Hypopnea,0.47037178,0.5296282
1,1,Normal,Normal,0.15849717,0.8415028
1,1,Normal,Normal,0.18939547,0.8106045
1,1,Normal,Normal,0.08926327,0.9107367
1,0,Normal,Hypopnea,0.34714878,0.6528512
0,0,Hypopnea,Hypopnea,0.32130024,0.67869973
1,1,Normal,Normal,0.22340335,0.7765966
0,1,Hypopnea,Normal,0.2473364,0.7526636
1,1,Normal,Normal,0.20839633,0.7916036
1,0,Normal,Hypopnea,0.38771892,0.612281
1,0,Normal,Hypopnea,0.3214287,0.6785713
1,1,Normal,Normal,0.24190246,0.7580975
1,0,Normal,Hypopnea,0.34702516,0.6529748
1,0,Normal,Hypopnea,0.4374864,0.56251353
0,0,Hypopnea,Hypopnea,0.59229183,0.40770817
1,0,Normal,Hypopnea,0.46790075,0.5320992
1,0,Normal,Hypopnea,0.49505472,0.5049453
1,1,Normal,Normal,0.16395615,0.83604383
1,0,Normal,Hypopnea,0.40497518,0.5950248
1,1,Normal,Normal,0.21468358,0.7853164
1,1,Normal,Normal,0.17068504,0.82931495
1,0,Normal,Hypopnea,0.54900855,0.45099145
1,1,Normal,Normal,0.27542886,0.72457117
1,1,Normal,Normal,0.29485172,0.70514834
1,1,Normal,Normal,0.18656364,0.8134363
1,0,Normal,Hypopnea,0.52052313,0.4794769
1,1,Normal,Normal,0.16461632,0.83538365
1,1,Normal,Normal,0.27332076,0.72667927
1,1,Normal,Normal,0.1090161,0.8909839
1,0,Normal,Hypopnea,0.35314968,0.6468503
1,0,Normal,Hypopnea,0.3508055,0.64919454
1,1,Normal,Normal,0.18399005,0.81601
1,1,Normal,Normal,0.23059133,0.76940864
1,0,Normal,Hypopnea,0.56262505,0.43737498
0,0,Hypopnea,Hypopnea,0.5579494,0.44205058
0,1,Hypopnea,Normal,0.13742824,0.8625718
1,1,Normal,Normal,0.08295145,0.9170485
1,1,Normal,Normal,0.16305146,0.8369485
1,1,Normal,Normal,0.052260134,0.9477399
1,1,Normal,Normal,0.11798642,0.88201356
1,1,Normal,Normal,0.18577322,0.81422675
1,1,Normal,Normal,0.1477415,0.8522585
1,1,Normal,Normal,0.18315007,0.81684995
1,1,Normal,Normal,0.10485021,0.89514977
1,1,Normal,Normal,0.18144377,0.8185562
1,1,Normal,Normal,0.27014628,0.72985363
1,0,Normal,Hypopnea,0.6792445,0.3207555
1,1,Normal,Normal,0.16176507,0.8382349
1,1,Normal,Normal,0.14036117,0.8596388
1,1,Normal,Normal,0.10361223,0.89638776
1,1,Normal,Normal,0.08162041,0.9183796
1,1,Normal,Normal,0.02707827,0.9729217
1,1,Normal,Normal,0.069089785,0.9309102
1,1,Normal,Normal,0.21310295,0.7868971
1,1,Normal,Normal,0.026405428,0.9735946
1,1,Normal,Normal,0.035384975,0.96461505
1,1,Normal,Normal,0.024611235,0.9753888
1,1,Normal,Normal,0.14136435,0.8586357
1,1,Normal,Normal,0.13633966,0.8636604
1,1,Normal,Normal,0.151004,0.84899604
1,1,Normal,Normal,0.02686796,0.973132
0,1,Hypopnea,Normal,0.011002966,0.9889971
0,1,Hypopnea,Normal,0.012240376,0.98775965
1,1,Normal,Normal,0.0080509335,0.9919491
1,1,Normal,Normal,0.0068390444,0.99316096
1,1,Normal,Normal,0.060915753,0.9390843
1,1,Normal,Normal,0.065205835,0.9347941
1,1,Normal,Normal,0.07822603,0.921774
1,0,Normal,Hypopnea,0.33240896,0.667591
1,1,Normal,Normal,0.1559766,0.84402347
1,1,Normal,Normal,0.16652732,0.8334727
1,1,Normal,Normal,0.05882678,0.9411732
1,1,Normal,Normal,0.21462843,0.7853716
1,1,Normal,Normal,0.08002858,0.91997147
1,1,Normal,Normal,0.007148195,0.9928518
1,1,Normal,Normal,0.094128594,0.9058714
1,1,Normal,Normal,0.06880772,0.9311922
1,1,Normal,Normal,0.014571895,0.98542815
1,1,Normal,Normal,0.029007616,0.9709924
1,1,Normal,Normal,0.07297008,0.92702985
1,1,Normal,Normal,0.22367357,0.7763265
1,1,Normal,Normal,0.15131558,0.84868443
1,1,Normal,Normal,0.028513584,0.9714864
1,1,Normal,Normal,0.04432677,0.9556732
1,1,Normal,Normal,0.06602823,0.9339718
1,1,Normal,Normal,0.039695114,0.9603049
1,1,Normal,Normal,0.1010252,0.8989748
1,1,Normal,Normal,0.061705414,0.9382946
1,1,Normal,Normal,0.011112562,0.9888875
1,1,Normal,Normal,0.034337513,0.96566254
1,1,Normal,Normal,0.015163977,0.98483604
1,1,Normal,Normal,0.038602877,0.9613971
1,1,Normal,Normal,0.07246537,0.9275346
1,1,Normal,Normal,0.04391455,0.9560855
1,1,Normal,Normal,0.035556126,0.9644438
1,1,Normal,Normal,0.06337777,0.93662226
0,1,Hypopnea,Normal,0.1435079,0.8564921
0,1,Hypopnea,Normal,0.067801274,0.9321987
0,0,Hypopnea,Hypopnea,0.5061661,0.4938339
0,1,Hypopnea,Normal,0.13070965,0.8692903
0,1,Hypopnea,Normal,0.14348063,0.8565194
0,0,Hypopnea,Hypopnea,0.39694625,0.60305375
0,0,Hypopnea,Hypopnea,0.55234724,0.44765276
0,1,Hypopnea,Normal,0.011334655,0.98866534
1,1,Normal,Normal,0.017771399,0.9822286
1,1,Normal,Normal,0.04005444,0.95994556
1,0,Normal,Hypopnea,0.4192241,0.58077586
1,1,Normal,Normal,0.1962307,0.8037693
1,1,Normal,Normal,0.1314102,0.86858976
1,1,Normal,Normal,0.059771203,0.94022876
1,1,Normal,Normal,0.28017515,0.7198248
1,0,Normal,Hypopnea,0.35702053,0.6429795
1,1,Normal,Normal,0.12719344,0.8728066
1,1,Normal,Normal,0.16154297,0.838457
0,1,Hypopnea,Normal,0.03259298,0.96740705
0,1,Hypopnea,Normal,0.016600149,0.9833998
1,1,Normal,Normal,0.22286168,0.7771383
1,0,Normal,Hypopnea,0.3315008,0.6684991
1,1,Normal,Normal,0.2868748,0.7131252
1,1,Normal,Normal,0.040560417,0.95943964
1,0,Normal,Hypopnea,0.33235663,0.6676433
1,1,Normal,Normal,0.09919825,0.9008017
1,1,Normal,Normal,0.0923138,0.9076862
1,0,Normal,Hypopnea,0.44545513,0.55454487
1,0,Normal,Hypopnea,0.525183,0.47481698
1,0,Normal,Hypopnea,0.397696,0.60230404
1,1,Normal,Normal,0.055762827,0.9442372
1,1,Normal,Normal,0.13324937,0.86675066
1,1,Normal,Normal,0.2584373,0.7415627
1,1,Normal,Normal,0.05624923,0.9437508
1,1,Normal,Normal,0.032665502,0.9673345
1,1,Normal,Normal,0.014449428,0.9855505
1,1,Normal,Normal,0.038369916,0.9616301
1,1,Normal,Normal,0.05683322,0.94316673
1,1,Normal,Normal,0.054965623,0.9450344
1,0,Normal,Hypopnea,0.4041423,0.59585774
1,1,Normal,Normal,0.055520244,0.9444798
1,1,Normal,Normal,0.23480774,0.7651922
1,0,Normal,Hypopnea,0.5322976,0.46770242
1,0,Normal,Hypopnea,0.393155,0.606845
1,1,Normal,Normal,0.047630195,0.95236975
1,1,Normal,Normal,0.029694889,0.97030514
1,1,Normal,Normal,0.105149776,0.89485025
1,1,Normal,Normal,0.24025628,0.7597437
1,0,Normal,Hypopnea,0.69555014,0.30444986
1,0,Normal,Hypopnea,0.8479109,0.15208906
1,0,Normal,Hypopnea,0.7802244,0.21977562
1,0,Normal,Hypopnea,0.72506166,0.27493837
1,1,Normal,Normal,0.28863022,0.71136975
1,1,Normal,Normal,0.17536813,0.82463187
1,0,Normal,Hypopnea,0.3319253,0.6680747
1,1,Normal,Normal,0.12438112,0.8756188
1,0,Normal,Hypopnea,0.686061,0.31393903
1,1,Normal,Normal,0.12469668,0.8753033
1,1,Normal,Normal,0.2379958,0.7620042
